1_varchar,2_nvarchar
Wayne,淑颖
Johnny,清凌
George,晓晴
Janice,俊誉
Kelly,宸瑜
Betty,博裕
Ashley,品逸
Jimmy,剑波
Tammy,雨嘉
Wayne,龙胜
Mark,皓睿
Irene,泽瀚
Edward,浩成
Julie,丰逸
Tammy,唯枫
Sharon,睿杰
Elizabeth,静香
Brenda,淑颖
Keith,美琳
Lori,清凌
Ann,彤雨
Gary,玺越
Paula,香茹
Andrea,婧琪
Douglas,俞凯
Lori,梓焓
Jeffrey,思宏
Cheryl,璟雯
Joseph,浩成
Kevin,丰逸
Ernest,依娜
Gloria,澄泓
Donna,辰华
Sean,志宸
Todd,淑颖
Paula,莉姿
Thomas,军卿
Heather,佐仪
Gloria,欣妍
Jacqueline,俞凯
Juan,欣妍
Laura,依娜
Jacqueline,展博
Edward,彤雨
Rose,梦洁
Scott,睿杰
Doris,彦军
Mildred,依娜
Stephen,博豪
Craig,军卿
Laura,漫妮
Frank,烨伟
Sara,晓晴
Charles,博裕
Carol,泽瀚
Justin,培安
Ann,泽瀚
Bruce,雪丽
Justin,晧宇
Bruce,琪煜
Maria,龙胜
Kathryn,银涵
Philip,哲恒
Juan,娅楠
Sara,慧妍
Harold,云哲
Rachel,博豪
Paul,志宸
Craig,欣妍
Kenneth,浩成
Donald,辰华
Gerald,依娜
Annie,玺越
Donald,晓烽
Joshua,梓彤
Shawn,泽瀚
Michael,墨含
Debra,凰羽
Joyce,崇杉
Joyce,凰羽
Jesse,丰逸
Samuel,琪煜
Marie,墨含
Cheryl,娅楠
Doris,美莲
Linda,月松
Benjamin,军卿
Anthony,志宸
Ralph,婧琪
Christine,韵寒
Jeffrey,美琳
Alice,怡香
Adam,俞凯
Jeffrey,睿杰
Carlos,轩硕
Alan,雪丽
Arthur,梓焓
Christine,雨嘉
Gregory,永鑫
Martha,展博
Louis,香茹
Sandra,思宇
Jesse,羽彤
Michelle,昕磊
Jesse,俞凯
Anthony,月松
Tammy,佐仪
Laura,云哲
Billy,轩硕
Gloria,嫦曦
Diana,尹智
Walter,俊泽
Joe,慧妍
Janet,泽瀚
Jimmy,香茹
Howard,宸赫
Christine,品逸
Joan,烨伟
Robin,辰华
Helen,晓晴
Douglas,浩成
Judy,俞凯
Janet,雪怡
Marilyn,尚霖
Stephanie,璟雯
Daniel,韵寒
Jacqueline,梦婷
Michael,秩选
Brenda,依娜
Norma,鑫蕾
Debra,远帆
Sarah,博豪
Wayne,梓彤
Irene,雪怡
Jeremy,亦涵
Julie,香茹
Amy,依娜
Sandra,清凌
Brenda,昱漳
Joyce,晓晴
Gary,婧琪
Paul,伟菘
Phyllis,冠泽
Raymond,若瑾
Norma,皓睿
Ralph,远帆
Daniel,宇涵
Eugene,宸瑜
Lois,佐仪
Phillip,展博
Albert,玺越
Charles,昕磊
George,丰逸
Rebecca,梓焓
Anne,辰华
Lori,梦婷
Jeffrey,思宏
Scott,崇杉
Louise,璟雯
Robin,烨伟
Howard,欣妍
Willie,奕漳
Diana,宸瑜
Sandra,俊誉
James,思宏
Evelyn,梓彤
Kathryn,玺越
Pamela,云哲
Brandon,宇涵
Kenneth,彦军
Willie,钰彤
Michael,秩选
Clarence,琪煜
Sarah,海程
Mark,永鑫
Charles,俊誉
Amy,琪煜
Theresa,宸瑜
Martin,婧涵
Marilyn,静香
Patrick,泰霖
Joseph,辰华
Arthur,芮涵
Sarah,云哲
Anne,香茹
Joseph,静香
Kenneth,辰华
Howard,浩成
Frank,晧宇
Peter,辰华
Tina,怡香
Andrea,松源
Shawn,梦婷
Brenda,军卿
Sandra,韵寒
Linda,远帆
Catherine,丰逸
Bonnie,晓烽
Rebecca,尹智
Benjamin,尹智
Diane,昕磊
Maria,宸赫
Diana,展博
Fred,伟菘
Cheryl,尹智
Harry,彦军
Matthew,奕漳
Sean,海程
Todd,哲恒
Christine,哲恒
Julia,宸赫
Rebecca,俞凯
Todd,羽彤
William,茹雪
Kevin,梓焓
Sarah,惠茜
John,钰彤
Jean,宸瑜
Pamela,雪丽
Gloria,宸赫
Paul,哲恒
Nicholas,军卿
Jeremy,孜绍
Bruce,梦洁
Paul,晓晴
Jeremy,婧琪
Kimberly,梓彤
Christina,思宇
Joan,彦军
Diane,雨婷
Margaret,梓焓
Kathleen,静香
Janice,清凌
Jennifer,展博
David,慧妍
Linda,玺越
Nancy,香茹
Lois,皓睿
Joseph,漫妮
Timothy,彤雨
Adam,彦歆
Ralph,亦涵
Frank,芮涵
Paul,婧琪
Christine,浩霖
Nicholas,龙胜
Stephanie,怡香
Theresa,海程
Billy,泰霖
Angela,永鑫
Ralph,宸瑜
Roger,宸瑜
Thomas,培安
Bonnie,伟菘
Marie,琪煜
Michael,韵寒
Christopher,晓烽
Kathleen,羽彤
Judy,永鑫
Patrick,亦涵
Janet,宸赫
Phyllis,雪怡
Cynthia,芮涵
Walter,娅楠
Donna,哲恒
Christopher,婧琪
Sandra,冠希
Carlos,玺越
Andrew,晓烽
Jimmy,志宸
Fred,思翰
Sara,轩硕
Eugene,品逸
Arthur,培安
Samuel,澄泓
Stephen,永鑫
Kelly,博裕
Joseph,秩选
Kimberly,凰羽
Donna,尚霖
Jimmy,彦军
Elizabeth,玺越
Stephanie,志宸
Charles,烨伟
Robin,雅芙
Frank,俊泽
Tammy,萧然
Tammy,尹智
Phyllis,静香
Sandra,若瑾
William,香茹
Carlos,莉姿
Ruth,睿杰
Roger,嫦曦
Tammy,钰彤
Helen,梓焓
Teresa,辰华
Mildred,梓焓
Lawrence,睿杰
Gloria,银涵
Gerald,欣妍
Donald,若瑾
Todd,晓晴
Joyce,思宇
Louise,凰羽
Larry,冠泽
Jason,品逸
Jennifer,昕磊
Richard,笑薇
Ruby,雨萌
Louise,昕磊
Lisa,军卿
Janice,若瑾
Judy,哲恒
Jessica,正梅
Ralph,辰华
Billy,秉皓
Ruth,莉姿
Beverly,云哲
Justin,梓彤
Kathryn,可馨
Patrick,怡香
Virginia,昕磊
Rebecca,尚贤
Sarah,婧琪
Angela,欣妍
Anna,奕漳
Jimmy,海程
Judith,琪煜
Amanda,远帆
Steve,博豪
Russell,博豪
Andrew,烨伟
James,俞凯
Frances,宸赫
Jack,博豪
Jeremy,婧琪
Jean,彦军
Rachel,晧宇
Shirley,宇涵
Harry,泰霖
Timothy,凰羽
Marie,辰华
Scott,志宸
Karen,宸赫
Martin,晧宇
Albert,秉皓
Martha,萧然
Alice,云哲
Justin,博豪
Wanda,雨婷
Jack,晓晴
Wanda,尹智
Walter,佐仪
Juan,皓睿
Bruce,泽瀚
Norma,冠希
Thomas,茹雪
Carol,孜绍
Jessica,博裕
Ralph,梦洁
Douglas,琪煜
Steve,雨萌
Dorothy,云哲
Donald,梓焓
Christina,尚霖
Amanda,雪丽
Timothy,孜绍
Sean,伟菘
Rose,品逸
Stephanie,崇杉
Scott,墨含
John,辰华
David,美琳
Sara,娅楠
Roy,茹雪
Patrick,澄泓
Martin,韵寒
Kathy,碧萱
Christine,佐仪
Keith,墨含
Catherine,月松
Kathleen,可馨
James,鑫蕾
Larry,冠泽
Victor,雪丽
Walter,尚贤
Shawn,宸瑜
Patrick,俊誉
Angela,宸瑜
Kimberly,俞凯
Annie,静香
George,轩硕
Donna,伟菘
Scott,皓睿
Mildred,思宏
Walter,雅芙
David,永鑫
Samuel,亦涵
Janice,玺越
Brian,梓彤
Jonathan,晓烽
Patrick,宇涵
Lillian,鑫蕾
Teresa,松源
Amanda,瀚聪
Carl,云哲
Beverly,云哲
Julie,彤雨
Albert,崇杉
Dennis,银含
Wanda,睿杰
Julia,宸赫
John,永鑫
Earl,羽彤
Norma,秩选
Mary,玺越
Tina,品逸
Jerry,若瑾
Keith,雨婷
Russell,银含
Harold,剑波
Carlos,泽瀚
Jonathan,海程
Sean,雪怡
Roy,俊誉
Jerry,琪煜
Evelyn,梓焓
Emily,品逸
Barbara,秩选
Karen,宸瑜
Shirley,秉皓
Harry,鑫蕾
Rachel,彦军
Ronald,昕磊
Timothy,浩霖
Andrew,梦婷
Betty,玺越
Carolyn,雪丽
Phyllis,佐仪
Amanda,冠泽
Gerald,鑫蕾
Ashley,尹智
Rose,剑波
Angela,俞凯
Jane,泽瀚
Elizabeth,宸瑜
Johnny,博裕
Jonathan,军卿
Deborah,冠泽
Kathryn,漫妮
Johnny,明美
Wayne,琪煜
Virginia,俊誉
Lillian,晧宇
Andrea,可馨
Andrew,思翰
Jane,志宸
Joshua,银含
Bruce,秩选
Joan,佐仪
Amanda,澄泓
Terry,冠泽
Shawn,云哲
Janice,秩选
Heather,尹智
Pamela,韵寒
Harold,泽瀚
Alan,永鑫
Johnny,永鑫
Joseph,瀚聪
John,松源
Matthew,娅楠
Laura,晓晴
Theresa,军卿
Katherine,美琳
Steve,培安
Eric,品逸
Michelle,军卿
Mildred,泰霖
Catherine,孜绍
Johnny,秉皓
Ryan,雪丽
Larry,秩选
Andrea,宸赫
Donna,轩硕
Kenneth,晓晴
Jerry,俊泽
Nicholas,轩硕
Louis,漫妮
George,宸赫
Samuel,澄泓
Melissa,松源
Anna,淑颖
Chris,俊泽
Kelly,晓烽
Joshua,俞凯
Jason,俊泽
Marie,尚霖
Debra,雨萌
Margaret,泽瀚
Debra,晧宇
Randy,嫦曦
Carl,宸瑜
Steve,烨伟
Ruth,哲恒
Roger,雪怡
Carlos,银涵
Stephen,璟雯
Martha,雪丽
Kathryn,军卿
Arthur,秩选
Scott,雪丽
Julia,秩选
Joe,雨萌
Pamela,笑薇
Shirley,冠泽
Eric,俞凯
Wayne,嫦曦
Wanda,龙胜
Frank,墨含
Jean,慧妍
Helen,博裕
Bruce,宸瑜
Gary,若瑾
Carolyn,博豪
Chris,雪怡
Andrew,彦军
Mary,玺越
Judith,梦洁
Bobby,美莲
William,惠茜
Benjamin,泽瀚
Adam,云哲
Cheryl,正梅
Cynthia,思宏
Jesse,澄泓
Clarence,军卿
Nicholas,芮涵
Matthew,钰彤
Raymond,淑颖
Debra,清凌
Craig,琪煜
Raymond,淑颖
Gregory,松源
Alice,俞凯
Martha,皓睿
Lori,宸赫
Kimberly,尚贤
Charles,博裕
Betty,伟菘
Gloria,正梅
Gloria,尹智
Annie,雨婷
Larry,秉皓
Judith,梓彤
Lisa,宸赫
Sean,展博
Gregory,培安
Ruby,银涵
Michelle,剑波
Lois,雪丽
Jimmy,慧妍
Eric,博豪
Rachel,浩成
Melissa,晓晴
Wayne,雅芙
Howard,雨萌
Mary,冠希
Brian,清凌
Gary,彤雨
Adam,婧涵
Sharon,雪怡
Jerry,思翰
Donna,俞凯
Tammy,博豪
Walter,静香
Bruce,彦歆
Robin,墨含
Michelle,哲恒
Jason,伟菘
Janet,永鑫
Joe,尹智
Jesse,羽彤
Larry,松源
Amanda,宸瑜
Anna,嫦曦
Harold,俊誉
Billy,秉皓
Wanda,志宸
Rachel,远帆
Carol,烨伟
Charles,若瑾
Eugene,怡香
Sarah,彦军
Amanda,烨伟
Randy,辰华
Charles,尹智
Brenda,玺越
Patricia,志宸
Judy,晧宇
Gloria,韵寒
Judy,梦洁
Patricia,凰羽
Daniel,清凌
Ralph,泰霖
Shirley,美琳
Anna,远帆
Ernest,茹雪
Carl,松源
Eugene,嫦曦
Phyllis,美琳
Jonathan,漫妮
Jacqueline,远帆
Craig,云哲
Susan,梓彤
Eugene,静香
Scott,轩硕
Michael,梦洁
Patrick,澄泓
Todd,静香
Jonathan,俊誉
Marilyn,睿杰
Richard,伟菘
Pamela,博裕
Dennis,浩成
Gerald,远帆
Amanda,慧妍
Thomas,澄泓
Sandra,晓晴
Tammy,俊誉
Joan,泽瀚
Antonio,彤雨
Anne,永鑫
Betty,碧萱
Gloria,哲恒
Paul,烨伟
Joe,雅芙
Virginia,宇涵
Russell,崇杉
Amy,品逸
Joshua,晓晴
George,冠泽
Kathleen,娅楠
Justin,彦军
Samuel,雪丽
Kevin,莉姿
Paul,羽彤
Karen,博豪
Elizabeth,梓焓
Carl,婧涵
Andrew,宇涵
Samuel,崇杉
Clarence,银含
Kathryn,尹智
Kenneth,哲恒
Elizabeth,明美
Melissa,孜绍
Jeffrey,永鑫
Teresa,志宸
Brandon,淑颖
Michael,彦军
Teresa,雨萌
Richard,琪煜
Angela,梓彤
Brenda,墨含
Christopher,彤雨
Jeffrey,梦洁
Walter,若瑾
Elizabeth,佐仪
Robert,俞凯
Norma,军卿
Alice,梓焓
Roy,秉皓
Jonathan,尹智
Bonnie,婧琪
Robin,玺越
Melissa,羽彤
Larry,浩成
Daniel,伟菘
Edward,韵寒
Jonathan,轩硕
Kathryn,银涵
Kathryn,墨含
Roy,墨含
Brandon,婧琪
Jane,永鑫
Jessica,志宸
Nancy,宸瑜
James,依娜
Irene,昕磊
Larry,秩选
Charles,尚霖
Eric,晧宇
Jacqueline,璟雯
Roy,秩选
Andrew,韵寒
Jason,琪煜
Roy,尚霖
Michelle,博裕
Scott,亦涵
Jeremy,云哲
Louis,俊誉
Lori,云哲
Christine,银涵
Philip,雅静
Mary,松源
Anthony,辰华
Nicole,奕漳
Debra,奕漳
Alan,雨嘉
Evelyn,嫦曦
John,明美
Gerald,唯枫
Shawn,雨萌
Antonio,秩选
Steven,海程
Heather,军卿
Jack,彦歆
Julie,冠希
Mark,尹智
Diana,辰华
Albert,若瑾
Christina,彦军
Carl,伟菘
Virginia,雪怡
Kevin,笑薇
Willie,婧琪
Kevin,梓焓
Janet,云哲
Rachel,孜绍
Julie,尹智
Nicole,孜绍
Judith,香茹
Marie,辰华
Joan,宇涵
Randy,昕磊
Evelyn,婧琪
Nancy,伟宸
Phillip,远帆
Douglas,俞凯
Margaret,永鑫
Sharon,美琳
Helen,志宸
Matthew,昕磊
Wanda,惠茜
Kathy,展博
Clarence,慧妍
Deborah,凰羽
Victor,唯枫
Howard,宸赫
Donald,雪丽
David,崇杉
Brandon,品逸
Beverly,香茹
Joseph,月松
Marilyn,辰华
Brandon,玺越
Debra,可馨
Doris,轩硕
Frank,展博
Paul,泽瀚
Alice,彦军
Jesse,展博
Mark,宸赫
Roy,彦歆
Jonathan,博裕
Phillip,思翰
Bonnie,博豪
Albert,宸瑜
Stephanie,晧宇
Brandon,鑫蕾
Diana,培安
Julie,韵寒
Joyce,嫦曦
Joseph,培安
Joseph,俞凯
Jeffrey,雨婷
Phyllis,宸赫
Gerald,唯枫
Antonio,尚霖
Dorothy,云哲
Charles,泽瀚
Ruth,娅楠
Alan,宸瑜
Judith,孜绍
Paula,凰羽
Denise,美琳
Mildred,秉皓
Sarah,欣妍
Howard,雅静
Brandon,惠茜
Deborah,萧然
Melissa,云哲
Shawn,展博
Jennifer,梦婷
Thomas,辰华
Emily,正梅
Jessica,海程
Lori,银涵
James,思宇
Janet,哲恒
Joan,俊誉
Jeremy,尹智
Joshua,雪丽
Billy,嫦曦
Debra,彦军
Dorothy,展博
Dorothy,碧萱
Kelly,凰羽
Linda,海程
Michelle,远帆
Lisa,辰华
Terry,海程
Jeremy,彦军
Doris,品逸
Willie,梓焓
Sandra,可馨
Edward,正梅
Jesse,松源
Arthur,品逸
Ronald,秉皓
Randy,惠茜
Kevin,云哲
Ann,羽彤
Norma,烨伟
John,品逸
Stephen,秩选
Joan,博豪
Jean,宸赫
Heather,浩成
Marilyn,鑫蕾
Julia,丰逸
Harry,玺越
Mildred,宸瑜
Philip,梓彤
Heather,正梅
Teresa,俞凯
Carlos,昱漳
Roy,浩成
Bobby,尚霖
Alice,俊誉
Ralph,欣妍
Earl,雨嘉
Jacqueline,松源
Sharon,雨萌
Eric,哲恒
Craig,孜绍
Arthur,泰霖
Roger,婧涵
Susan,孜绍
Bruce,清凌
Bonnie,璟雯
Kenneth,雨嘉
Cynthia,晓晴
Bobby,松源
Judy,雨婷
Justin,睿杰
Wayne,彦军
Deborah,秉皓
Justin,俞凯
Frank,秩选
Jonathan,品逸
Phillip,辰华
Alice,浩霖
Patricia,军卿
Frances,婧琪
Kathleen,月婵
Teresa,远帆
Kathy,梓焓
Janice,澄泓
Tina,娅楠
Nicole,烨伟
Dorothy,玺越
Bonnie,清凌
Todd,尚贤
Donna,月松
Carol,美莲
Philip,剑波
Martin,瀚聪
Matthew,静香
Paula,思宇
Arthur,清凌
Jennifer,海程
Barbara,婧涵
Carl,月松
Jack,海程
Katherine,尹智
Carl,静香
Kelly,晓烽
Susan,烨伟
Phyllis,婧涵
Bruce,若瑾
Kelly,淑颖
Judy,龙胜
Andrew,志宸
Daniel,雅芙
Albert,雨萌
Rachel,奕漳
Eugene,冠泽
Todd,松源
Donna,孜绍
Jimmy,玺越
Stephanie,雪丽
Johnny,羽彤
Jonathan,培安
Antonio,梓焓
Chris,亦涵
Kelly,烨伟
Donald,雪丽
Jeremy,龙胜
Frances,婧琪
Lois,秩选
Anne,雪丽
Carolyn,羽彤
Ruth,思宇
Jacqueline,泰霖
Kathy,若瑾
Clarence,梓彤
Fred,尹智
Brandon,思宇
Amy,昱漳
Susan,清凌
Anna,银含
Aaron,雨萌
Martha,品逸
Russell,军卿
Albert,思宇
Russell,玺越
Julia,梓焓
Juan,伟菘
Rose,佐仪
Jimmy,梓焓
Jose,晓烽
Carl,志宸
Ashley,泽瀚
Roy,云哲
Henry,烨伟
Donald,俊誉
Joe,萧然
Julia,泰霖
Ronald,韵寒
Jose,雅静
Ryan,墨含
Donald,博豪
Cheryl,怡香
Martha,远帆
Harry,雪丽
Ernest,哲恒
Donald,羽彤
Ronald,韵寒
Todd,远帆
Betty,银涵
Jessica,海程
Rose,博裕
Heather,龙胜
Annie,永鑫
Sandra,品逸
Ruby,远帆
Roy,宇涵
James,清凌
Christina,银涵
George,亦涵
Carol,雨萌
Karen,晧宇
Joe,慧妍
Susan,梦婷
Wayne,娅楠
Katherine,奕漳
Michelle,崇杉
Sara,俊泽
Kathryn,静香
Mark,龙胜
Emily,海程
Laura,云哲
Cheryl,宇涵
Christina,莉姿
Roy,梦婷
Harold,梦婷
Terry,宸瑜
Earl,烨伟
Frances,晧宇
Catherine,雨萌
Ernest,俞凯
Anna,博豪
Laura,海程
Sandra,韵寒
Diana,瀚聪
Sarah,博裕
Catherine,思宇
Fred,辰华
Brandon,云哲
James,清凌
Elizabeth,昱漳
Willie,思翰
Debra,哲恒
Dennis,雪丽
Diana,玺越
Amy,云哲
Samuel,尹智
